,banco,fecha,texto,src,rt,fav,palabras,country,type,place,desde,sigue_a,lo_siguen
0,bbva,2020-10-18 03:44:24,"Hasta cuando vamos a seguir pagando el impuesto ""temporal"" del 4XMil, que se creÃ³ para salvar a los Chupasangre de los bancos como el BBVA_Colombia grupoaval ScotiaColpatria Ese impuesto hoy cumple 21 aÃ±os. Y el pueblo pague, pague y pague.",Twitter for Android,0,0,"banco,impuesto",,,,2010-07-09 05:03:55,2484,2631
1,bbva,2020-10-18 03:41:06,"El BBVA, a partir de enero, va a cobrar 2 euros por retirar dinero en ventanilla y sube las comisiones si la nÃ³mina domiciliada es menor de 800 euros. Perjudica a perfiles de trabajadores precarios y a pensionistas. Es una puta vergÃ¼enza ğŸ˜¡ğŸ˜¡ğŸ˜¡",Twitter for iPhone,455,0,"comision,dinero",,,,2018-10-19 05:04:43,585,173
2,bbva,2020-10-18 03:40:22,"RaulLuna Buenas noches, estamos a tu servicio. Es importante realizar este registro facial con la finalidad de reforzar la seguridad de tu aplicaciÃ³n BBVA MÃ©xico. Te recordamos que sÃ³lo deberÃ¡s conversar con esta cuenta que estÃ¡ verificada con palomita azul.",S1Gateway,0,0,"cuenta,servicio,servicio,seguridad",,,,2013-03-08 17:25:23,40410,106418
3,bbva,2020-10-18 03:39:48,"BBVA_Mex Asco de servicio, ahora resulta que debes registrar a fuerza tu rostro, pÃ©simo banco",Twitter for Android,0,0,"servicio,banco,servicio",,,,2013-08-22 15:54:29,50,15
4,bbva,2020-10-18 03:37:56,paolobenza Hola Paolo soy cliente del BBVA hace 10 aÃ±os solicite el prestamo reactiva y esto me respondieron https://t.co/9oRUQeDPyo,Twitter for Android,0,0,cliente,,,,2014-04-04 01:39:20,741,50
5,bbva,2020-10-18 03:37:48,â° 72â€™ minutos de acciÃ³n del CruzAzul vs Tigres  Gol anulado a la mÃ¡quina por un fuera de lugar   ğŸ”µâšªï¸0ï¸âƒ£ğŸ†š1ï¸âƒ£ğŸŸ ğŸ”µ  ğŸ“» 730 AM   ğŸ“² https://t.co/hMClvZ0r3I  Guard1anes2020xW LaVozDelFutbol,Twitter for iPhone,0,2,,,,,2015-06-03 22:32:22,398,22189
6,bbva,2020-10-18 03:31:44,(Video) Esto te ayudarÃ¡: revelan llamada con el modo de operaciÃ³n para estafar a cuentahabientes de BBVA Bancomer (nota de JosÃ© Rosario Valles) https://t.co/PeFKLmJzhD,Twitter for Android,58,0,"cuenta,llamada",,,,2010-01-17 23:42:26,714,414
7,bbva,2020-10-18 03:28:11,"Decorceramica tiene convenios de descuento con el bbva justo despuÃ©s cuando acabamos el apartamento, POR QUE SON ASÃ, QUE COSTABA SACARLOS HACE DOS MESES, uno comprando los pisos bien caros allÃ¡ ğŸ˜­",Twitter for Android,0,0,descuento,,,,2011-11-05 01:22:01,1239,1246
8,bbva,2020-10-18 03:27:08,"BBVA_Mex  tarjeta de credito VIVE, no pasa los puntos en suburbia (hay promocion de puntos dobles) intente en 3 establecimientos. No tengo ninguna restricciÃ³n en la tarjeta, es como tal todas las tarjetas VIVE. Moda_Suburbia  se echan la bolita que es uno u otro.",Twitter for Android,0,0,"tarjeta,puntos,credito",,,,2011-10-10 07:06:22,12,0
9,bbva,2020-10-18 03:24:03,SantanderMx BBVA_Mex quintopodermex julioastillero No veo nada que tenga que ver al respecto quien es su CM Brozzo el caso es que SantanderMx es uno de los peores bancos y desde dentro estÃ¡n los pillos,Twitter for Android,0,0,banco,,,,2009-09-06 03:31:22,12390,14094
10,bbva,2020-10-18 03:24:02,"Creo que Banamex, BBVA y Banco Azteca ya no sirven...LIC GEREG",Twitter for Android,0,0,,,,,2019-12-29 00:13:13,10,0
11,bbva,2020-10-18 03:24:01,â° 60â€™ minutos de acciÃ³n del CruzAzul vs Tigres  ğŸ”µâšªï¸0ï¸âƒ£ğŸ†š0ï¸âƒ£ğŸŸ ğŸ”µ  ğŸ“» 730 AM   ğŸ“² https://t.co/hMClvZ0r3I  Guard1anes2020xW LaVozDelFutbol,Twitter for iPhone,0,1,,,,,2015-06-03 22:32:22,398,22189
12,bbva,2020-10-18 03:19:46,â° 55â€™ minutos de acciÃ³n del CruzAzul vs Tigres  âŒEl â€œCabecitaâ€ RodrÃ­guez Falla el Penal   ğŸ”µâšªï¸0ï¸âƒ£ğŸ†š0ï¸âƒ£ğŸŸ ğŸ”µ  ğŸ“» 730 AM   ğŸ“² https://t.co/hMClvZ0r3I  Guard1anes2020xW LaVozDelFutbol,Twitter for iPhone,0,1,,,,,2015-06-03 22:32:22,398,22189
14,bbva,2020-10-18 03:17:02,jiica SinEmbargoMX SantanderMx BBVA_Mex quintopodermex Los de Santander Ãºltimamente son unas asquerosas ratas,Twitter for Android,1,0,,,,,2009-09-06 03:31:22,12390,14094
15,bbva,2020-10-18 03:16:22,Tuitero_Rayado El estadio BBVA a ver a Rayados,Twitter for Android,0,4,,,,,2018-11-15 19:06:59,222,354
16,bbva,2020-10-18 03:14:24,ğŸ“¹ ElResumen Revive lo mejor del partido en el Estadio BBVA entre Monterrey y Puebla.   Rayados se llevÃ³ la victoria 3 goles a 1 en su compromiso de la Jornada14.  Guard1anes2020 âš½ LigaBBVAMX https://t.co/zd7rn5kRIu,Twitter for iPhone,14,0,,,,,2014-05-24 04:29:20,930,1093
17,bbva,2020-10-18 03:13:47,"Â¡En BBVA Provincial estamos de aniversario! Cumplimos 67 aÃ±os,  celebramos que seguimos apostando y creando oportunidades para todosâ€¦  MesdeAniversario AniversarioBBVAProvincial 67aÃ±osBBVAProvincial Venezuela QuedateEnCasa https://t.co/5wb2aguua9",Twitter Web App,3,0,,,,,2014-02-24 15:41:50,517,16
18,bbva,2020-10-18 03:12:13,LaClavijo_ bbva davidbarguil ma_camiladiaz JuanPabloCalvas AntonioSanguino MafeCarrascal A mi me pasÃ³ algo similar con SantanderMx y con invextarjetas...  Â¿A quiÃ©n podemos acudir?  CondusefMX Profeco AtencionProfeco,Twitter for Android,0,0,tarjeta,,,,2010-09-29 01:23:04,685,648
20,bbva,2020-10-18 03:09:30,"ğŸ’¬| â€œSeguir creciendo, seguir creyendoâ€, rogelio7funes   ComentarioRayado BBVA_Mex  ArribaElMonterrey ğŸ’™âšªï¸ https://t.co/g2YrOVq4Xd",Twitter for Android,32,0,,,,,2016-03-31 04:06:03,60,36
21,bbva,2020-10-18 03:09:22,Â¡ Suena el silbato! comienza la segunda mitad entre CruzAzul y Tigres  ğŸ”µâšªï¸0ï¸âƒ£ğŸ†š0ï¸âƒ£ğŸŸ ğŸ”µ  ğŸ“» 730 AM   ğŸ“² https://t.co/hMClvZ0r3I  Guard1anes2020xW LaVozDelFutbol,Twitter for iPhone,0,2,,,,,2015-06-03 22:32:22,398,22189
25,bbva,2020-10-18 03:07:30,Si eres cuentahabiente de Santander o BBVA cuidado con esto (por QuintoPoder) https://t.co/qBqopW78MA vÃ­a julioastillero,Twitter for Android,20,0,cuenta,,,,2012-04-21 18:00:56,175612,171996
26,bbva,2020-10-18 03:05:19,BBVA_Mex Â¿hay fallas con la app?,Twitter for Android,0,0,app,,,,2015-12-26 22:51:07,221,15
27,bbva,2020-10-18 03:05:10,Guard1anes2020 | Rayados ya arribÃ³ a las instalaciones del BBVA para su duelo ante Puebla. LlegÃ³ en solo un autobÃºs. ğŸ‘‡  ğŸ“¹: Karinaggz â¡ï¸ https://t.co/PlEIAlKe7z  SomosONCE https://t.co/KmtXFYI8RE,Twitter for Android,2,0,,,,,2010-01-26 22:32:59,1219,729
28,bbva,2020-10-18 03:04:30,Â¡TerminÃ³ el partido! Marcador Final: Rayados 3 - 1 ClubpueblaMX. Los videos estÃ¡n en https://t.co/KjTAsjr8RL,Twitter for iPhone,4,0,,,,,2014-05-24 04:29:20,930,1093
30,bbva,2020-10-18 03:03:26,leonxxxiii BBVA? Deben estar chochos.,Twitter Web App,0,0,,,,,2015-11-24 00:07:46,180,193
31,bbva,2020-10-18 03:03:21,BBVA_Mex porque las app de Bancomer no funcionan o tardan mucho en abrir,Twitter for Android,0,0,app,,,,2018-03-01 05:36:28,756,399
33,bbva,2020-10-18 02:58:09,SinhueCasanova BBVA_Mex Jaja la neta siempre me pasa,Twitter for iPhone,0,0,,,,,2012-03-24 07:08:04,44548,55728
34,bbva,2020-10-18 02:58:00,SancadillaNorte Hace falta un regalito de esos que se acostumbran dar en el BBVA a favor de los lupitos,Twitter for Android,0,0,,,,,2013-02-24 11:48:58,1321,374
35,bbva,2020-10-18 02:57:41,ChicoCheVive Cada que mes me manda una carta Don BBVA_Mex y tambiÃ©n me doy cuenta de lo mismo ğŸ¤·ğŸ»â€â™‚ï¸,Twitter for iPhone,0,1,cuenta,,,,2010-07-12 18:27:42,1943,1903
36,bbva,2020-10-18 02:56:05,Torres (BBVA): los fondos para la recuperaciÃ³n deben llegar a la educaciÃ³n https://t.co/YSCTSQ3LOk https://t.co/mTxwW1BaWp,bms_twitter_MercadosNWS,0,0,,,,,2015-11-04 08:47:58,3780,2798
39,bbva,2020-10-18 02:55:12,BBVA Bancomer y SECTUR consolidan el uso de la tecnologÃ­a BigData para for https://t.co/hvC0Qx6y7o,SocialOomph,0,0,,,,,2017-08-22 14:55:23,316,687
41,bbva,2020-10-18 02:52:18,"BBVA_Mex cÃ³mo puedo hacer una transferencia desde mi app ??? Ya no me deja entrar, ayuda por favor!!!",Twitter for iPhone,0,0,"transferencia,app",,,,2010-03-05 01:37:02,137,56
42,bbva,2020-10-18 02:50:41,Vota por tu proyecto favorito de RetoDocs 2020 a partir de hoy sÃ¡bado 17 y hasta el viernes 23 de octubre y Â¡decide al ganador!  Vota ahora: https://t.co/CsZTBnBwEo  Gracias al apoyo de vivepanasonic BBVA_Mex imcine y todos los que aceptaron el reto este aÃ±o. https://t.co/dz5WIrMiGj,Twitter for iPhone,10,0,,,,,2013-12-21 05:28:31,276,390
43,bbva,2020-10-18 02:48:28,"Suena bien esta medida, ojalÃ¡ sea en verdad en beneficio del usuario. Y sÃ­, en la app, actualmente exige datos biomÃ©tricos, eso deberÃ­a estar a elecciÃ³n del tarjetahabiente ğŸ˜’. BBVARe_mx BBVA_Mex  https://t.co/y53JT4odsP",Twitter for Android,0,2,"tarjeta,app",,,,2018-09-22 03:38:33,141,19
44,bbva,2020-10-18 02:46:01,â°40â€™ minutos de acciÃ³n del CruzAzul vs Tigres  ğŸ”µâšªï¸0ï¸âƒ£ğŸ†š0ï¸âƒ£ğŸŸ ğŸ”µ  ğŸ“» 730 AM   ğŸ“² https://t.co/hMClvZ0r3I  Guard1anes2020xW LaVozDelFutbol,Twitter for iPhone,0,2,,,,,2015-06-03 22:32:22,398,22189
45,bbva,2020-10-18 02:45:01,MÃ¡sLeÃ­das Se ha dado a conocer que usuarios de estos bancos han sido vÃ­ctimas de fraudes (por quintopodermex) https://t.co/JvS3N24zGt,Twitter for Android,27,0,"banco,fraude",,,,2011-01-05 02:18:09,297,72
46,bbva,2020-10-18 02:40:13,"Bienvenidos al dÃ­a 2 del HackathonBBVA ğŸ’™ iniciamos con nuestro mentor Diego de Granda Google Developer Expert, que nos hablarÃ¡ sobre web components ğŸ‘©â€ğŸ’»ğŸ‘¨â€ğŸ’», no te pierdas esta oportunidad de aprender un poco mÃ¡s. Dale clic. https://t.co/aP1RWRag0s https://t.co/fsekK22bqi",Twitter for Android,6,0,,,,,2010-07-31 03:05:54,3519,2217
48,bbva,2020-10-18 02:38:45,"Hoy la meta es llegar a $200,00 pesos nos faltan $79,475.00 pesos !! Todos los pedacitos de â¤ï¸ salvarÃ¡n muchas vidas de niÃ±os con cÃ¡ncer  BBVA Bancomer Cuenta: 0110098078 Clabe: 012320001100980784 Campeones de la vida NR AC https://t.co/CPVgQdmVvU",Twitter for Android,49,0,,,,,2010-08-25 19:08:02,1157,1194
49,bbva,2020-10-18 02:35:20,â° 30â€™ minutos de acciÃ³n del CruzAzul vs Tigres  ğŸ”µâšªï¸0ï¸âƒ£ğŸ†š0ï¸âƒ£ğŸŸ ğŸ”µ  ğŸ“» 730 AM   ğŸ“² https://t.co/hMClvZ0r3I  Guard1anes2020xW LaVozDelFutbol,Twitter for iPhone,0,0,,,,,2015-06-03 22:32:22,398,22189
50,bbva,2020-10-18 02:35:10,"BBVA_Colombia Les he â€œampliado el requerimientoâ€ 1000 veces, no que ya estaba solucionado? Trabajen y cumplan. Mentirosos",Twitter for iPhone,0,0,,,,,2010-10-02 18:06:03,929,1187
51,bbva,2020-10-18 02:34:59,"JhonBeltranP Hola, queremos atender tu solicitud, por favor amplÃ­anos la informaciÃ³n de tu requerimiento para poder brindarte una respuesta por mensaje directo. Estamos atentos. Â¡Saludos!",Salesforce - Social Studio,0,0,respuesta,,,,2010-08-06 00:58:19,1034,35185
52,bbva,2020-10-18 02:33:55,"nathalyeherrera Hola, queremos atender tu solicitud, por favor amplÃ­anos la informaciÃ³n de tu requerimiento para poder brindarte una respuesta por mensaje directo. Estamos atentos. Â¡Saludos!",Salesforce - Social Studio,0,0,respuesta,,,,2010-08-06 00:58:19,1034,35185
54,bbva,2020-10-18 02:33:16,AsÃ­ se ilumina el ğŸŸï¸ BBVA tras el triunfo de esta noche. Â¡Pronto volveremos! ğŸ”µâšªï¸ğŸ‡«ğŸ‡® https://t.co/JlnxApuHz1,Twitter for iPhone,0,3,,,,,2020-01-23 10:29:57,3188,1345
55,bbva,2020-10-18 02:33:04,"rynkydynky Hola, queremos atender tu solicitud, por favor amplÃ­anos la informaciÃ³n de tu requerimiento para poder brindarte una respuesta por mensaje directo. Estamos atentos. Â¡Saludos!",Salesforce - Social Studio,0,0,respuesta,,,,2010-08-06 00:58:19,1034,35185
56,bbva,2020-10-18 02:32:55,"â° 26â€™ minutos de acciÃ³n del CruzAzul vs Tigres  ğŸš¨Guido Pizarro sufre molestias en la pierna, ya entrÃ³ el cuerpo mÃ©dico a atenderlo.  ğŸ”µâšªï¸0ï¸âƒ£ğŸ†š0ï¸âƒ£ğŸŸ ğŸ”µ  ğŸ“» 730 AM   ğŸ“² https://t.co/hMClvZ0r3I  Guard1anes2020xW LaVozDelFutbol",Twitter for iPhone,0,1,,,,,2015-06-03 22:32:22,398,22189
57,bbva,2020-10-18 02:31:42,"Hagan sus apuestas, cuanto se contrae el PIB?   Hacienda            2.0% Moodyâ€™s             -1.5 Goldman Sachs-1.6% JP Morgan        -1.8%; Barclays            -2.0% Santander         -2.0%; Credit Suisse    -4.0%  BBVA                  -4.5%  BofA                   -4.5%",Twitter for iPhone,84,0,,,,,2011-03-12 19:13:11,1549,687
58,bbva,2020-10-18 02:31:38,"Pago una docena de chorizos a quien me de un telÃ©fono y me atienda de una el reputo BBVA con todos sus toquen, numerales y 0800 diseÃ±ados por un sovietico hdp",Twitter Web App,275,0,,,,,2019-07-15 20:18:54,52,11
59,bbva,2020-10-18 02:31:21,"javcove japonton AÃ±os de esa pÃ¡gina, sin embargo bbva no dara soporte a apple pay mexico en este inicio.",Echofon,0,1,"app,pay",,,,2009-04-01 18:54:09,665,210
60,bbva,2020-10-18 02:28:36,GeraDuran1 sergioavl136 BBVA 10/10,Twitter for Android,0,1,,,,,2015-12-14 03:25:37,269,224
63,bbva,2020-10-18 02:25:56,â° 20â€™ minutos de acciÃ³n del CruzAzul vs Tigres  ğŸ”µâšªï¸0ï¸âƒ£ğŸ†š0ï¸âƒ£ğŸŸ ğŸ”µ  ğŸ“» 730 AM   ğŸ“² https://t.co/hMClvZ0r3I  Guard1anes2020xW LaVozDelFutbol,Twitter for iPhone,0,3,,,,,2015-06-03 22:32:22,398,22189
64,bbva,2020-10-18 02:24:13,El estadio BBVA de Guadalupe es el 3er estadio que habrÃ© las puertas a su aficiÃ³n.  Impresionante la aficiÃ³n que asistiÃ³ ğŸ˜¬,Twitter for Android,4,0,,,,,2014-10-06 01:23:40,5091,5397
69,bbva,2020-10-18 02:18:48,"â± 45' | 2T | MTY 2 - 0 PUE  Â¡Arraaanca el segundo tiempo en el ğŸŸï¸ BBVA!  Que se escuche FamiliaRayada, todos juntos... Â¡ARRIBA EL MONTERREY! ğŸ’¬ğŸ—£ï¸  ChilchotaMx ArribaElMonterrey ğŸ’™âšª https://t.co/2hclzCLB5l",Twitter for Android,8,0,,,,,2011-04-17 04:17:27,4520,727
70,bbva,2020-10-18 02:18:15,"Resultado del partido de hoy , correspondiente a la Fecha 9, Liga BBVA Expansion Mx , Torneo Guard1anes 2020. DeportePicanteOficial  LigaBBVAExpansionMx Guard1ane2020 https://t.co/0yLpiMJ7eV",Twitter for iPhone,0,0,,,,,2019-05-17 17:35:26,27,47
71,bbva,2020-10-18 02:16:30,no tengo un bizum de mil euros en el bbva asÃ­ no merece la pena despertar https://t.co/g7SUPX9CfC,Twitter for iPhone,17,0,,,,,2015-02-02 21:20:19,678,447
72,bbva,2020-10-18 02:15:57,â° 10â€™ minutos de acciÃ³n del CruzAzul vs Tigres  ğŸ”µâšªï¸0ï¸âƒ£ğŸ†š0ï¸âƒ£ğŸŸ ğŸ”µ  ğŸ“» 730 AM   ğŸ“² https://t.co/hMClvZ0r3I  Guard1anes2020xW LaVozDelFutbol,Twitter for iPhone,0,4,,,,,2015-06-03 22:32:22,398,22189
73,bbva,2020-10-18 02:13:48,"Fedeguari89 bbva bbva_argentina Bueeeee vess todo asi vossss, seguintirandonde la soga",Twitter for Android,0,1,,,,,2015-04-20 21:50:06,146,100
75,bbva,2020-10-18 02:08:37,FelipeSennaF125 la finalidad de conocer mayor informaciÃ³n https://t.co/PJyyzXlA2v (2/3),S1Gateway,0,0,,,,,2013-03-08 17:25:23,40410,106418
76,bbva,2020-10-18 02:06:33,"cuÃ¡l creen que es el mejor banco?  para mi, bbva.",Twitter for iPhone,0,0,banco,,,,2018-07-31 02:50:45,405,307
77,bbva,2020-10-18 02:03:45,Gol de M. RodrÃ­guez | CancÃºn 4 - 0 Pumas Tabasco | Liga BBVA ExpansiÃ³n MX https://t.co/KpkQjgovOs LigaMX SienteTuLiga,Microsoft Power Platform,0,0,,,,,2014-01-05 21:43:09,1015,7529
78,bbva,2020-10-18 02:02:47,âœ¨ğŸğŸ”¥ Chivas aprovecha errores del atlasfc para ganar el ClÃ¡sico TapatÃ­o ğŸ‘‹  VolverteAVer I TusGuard1anes2020 I LateConFuria   https://t.co/f42Eu21FZV https://t.co/0r2lKNzOCe,TweetDeck,0,61,,,,,2009-09-03 17:07:10,381,4227188
79,bbva,2020-10-18 02:01:58,"J9 Liga BBVA ExpansiÃ³n MX   45' Segundo Tiempo Final.  FinalizÃ³ el encuentro, los locales aplastan al conjunto de Pumas Tabasco, goleada en el AndrÃ©s Quintana Roo.  cancun_fc 4-0 PumasTabascomx",Twitter for Android,0,0,,,,,2020-06-10 07:15:14,290,143
82,bbva,2020-10-18 01:57:30,BBVA_Mex (\_/) ( â€¢_â€¢) / &gt; â“  OjalÃ¡ que de verdad pudieran ofrecernos mÃ¡s y mejores soluciones para las tarjetas de crÃ©dito en clientes afectados por covid....    BBVA.ğŸ”µâœ¨,Twitter for Android,0,0,"tarjeta,cliente,ofrece",,,,2011-01-25 23:25:57,255,144
83,bbva,2020-10-18 01:57:22,Arranca nuestra campaÃ±a de recaudaciÃ³n â€œInternetÃ³n AMANC MichoacÃ¡n 2020â€.  . SÃºmate con tu donativo a la cuenta: BBVA Bancomer 0106068464 CLABE 012470001060684643 https://t.co/NFdcU7DoYB,Twitter for iPhone,3,0,cuenta,,,,2010-11-09 00:14:48,624,815
85,bbva,2020-10-18 01:57:02,J9 Liga BBVA ExpansiÃ³n MX   40' Segundo Tiempo  Gooooooool del CancÃºn FC llegÃ³ el gol de Eder Cruz.   cancun_fc 4-0 PumasTabascomx,Twitter for Android,0,0,,,,,2020-06-10 07:15:14,290,143
87,bbva,2020-10-18 01:56:23,"Damos inicio al dÃ­a 2 del HackathonBBVA 2020 ğŸ’™, tenemos retos, mentorÃ­as y mucho mÃ¡s, no te pierdas ningÃºn detalle en nuestra transmisiÃ³n en vivo, dale clic aquÃ­. https://t.co/8ESKde98Zh https://t.co/G4Y2LICRu2",Twitter for Android,3,0,,,,,2010-07-31 03:05:54,3519,2217
88,bbva,2020-10-18 01:51:53,J9 Liga BBVA ExpansiÃ³n MX   35' Segundo Tiempo  Gooooooooool llegÃ³ el tercero del camiseta 9 Michel RodrÃ­guez!!!   cancun_fc 3-0 PumasTabascomx,Twitter for Android,0,0,,,,,2020-06-10 07:15:14,290,143
89,bbva,2020-10-18 01:51:27,Rayados | El Monterrey venciÃ³ a Puebla en el BBVA con un cambio notorio en el esquema del Turco. Los detalles del duelo con Adrian_MQ.   â¡ï¸ https://t.co/PlEIAlKe7z  SomosONCE https://t.co/3rkWBVgmtL,TweetDeck,3,0,cambio,,,,2009-12-10 03:09:24,779,1430
90,bbva,2020-10-18 01:51:00,"Por ahÃ­ del mes de octubre del 2016 asisti a mi primer hackaton, el de BBVA, y de ahÃ­ eran Hackatones tras hackatones ğŸ¤£ğŸ¥º lo Ãºnico que me detuvo fue la pandemia ğŸ™ƒ  HackathonBBVA https://t.co/fuZ9u8SwNR",Twitter for Android,0,1,pandemia,,,,2011-01-14 23:10:55,371,132
92,bbva,2020-10-18 01:50:27,japonton En la pÃ¡gina de BBVA MÃ©xico ya hay una pÃ¡gina referente a Apple Pay.  https://t.co/DwDPuWptV2,Twitter for iPhone,0,1,,,,,2010-05-19 23:16:49,1017,120
93,bbva,2020-10-18 01:50:26,BarronSports El VAR perdiÃ³ credibilidad hoy en el BBVA al marcar un penal a un jugador que da una plancha ğŸ¤”,Twitter for iPhone,0,0,,,,,2018-02-26 22:37:10,762,54
97,bbva,2020-10-18 01:46:14,"J9 Liga BBVA ExpansiÃ³n MX   28' Segundo Tiempo   Otro expulsado para Pumas Tabasco el camiseta 53 y uno para CancÃºn FC Isaac DÃ­az se vaaaaa, despuÃ©s del carnaval que se armÃ³ previo al cobro del balÃ³n parado.  cancun_fc 2-0 PumasTabascomx  LigaBBVAMX LigaExpansionMX",Twitter for Android,0,0,,,,,2020-06-10 07:15:14,290,143
100,bbva,2020-10-18 01:43:19,"90' MTY 3-1 PUE | Â¡Y GANÃ“ LA PANDILLA! Rayados vence a Puebla en el BBVA con goles de Nico SÃ¡nchez, AkÃ© Loba y Funes Mori. ğŸ”¥ https://t.co/b5N31SQypu",Twitter Web App,8,0,,,,,2011-10-21 21:19:45,180,543
101,bbva,2020-10-18 01:42:40,"teffcode bbva Genial, felicidades!",Twitter for Android,0,0,,,,,2012-12-18 02:58:21,28,7
102,bbva,2020-10-18 01:41:31,"J9 Liga BBVA ExpansiÃ³n MX   25' Segundo Tiempo  La que acaba de fallar el toro dÃ­az, logra cabecear pero da al travesaÃ±o.  cancun_fc 2-0 PumasTabascomx",Twitter for Android,0,0,,,,,2020-06-10 07:15:14,290,143
103,bbva,2020-10-18 01:39:37,IvnBurciaga Â¡Hola Ivan! Con mucho gusto te brindamos la informaciÃ³n de instalaciÃ³n de tu aplicaciÃ³n BBVA en tu dispositivo para poder proporcionarte esta informaciÃ³n por favor envÃ­anos un inbox. Â¡Saludos!,Zendesk,0,0,,,,,2011-11-24 20:52:23,4298,193988
105,bbva,2020-10-18 01:36:39,"J9 Liga BBVA ExpansiÃ³n MX   20' Segundo Tiempo  ExpulsiÃ³n tras agresiÃ³n del jugador de Pumas, los universitarios ya jugarÃ¡n con 10. Brayan Mendoza expulsado.   cancun_fc 2-0 PumasTabascomx",Twitter for Android,0,0,,,,,2020-06-10 07:15:14,290,143
107,bbva,2020-10-18 01:35:18,BBVA_Mex por que cierras con candados acceso a cajeros automÃ¡ticos NoMamar,Twitter for iPhone,0,0,cajeros,,,,2009-11-13 19:06:45,212,12023
110,bbva,2020-10-18 01:33:28,"LigaBBVAMX | Â¡Triunfo de Rayados!  â¡ï¸El conjunto de Rayados venciÃ³ 3-1 a ClubPueblaMX en el BBVA, y consiguen tres puntos importantes que los colocan en la pelea por un boleto a la Liguilla.  Guard1anes2020 | Jornada14 | XTemporada https://t.co/WiLOfOLDv7",Twitter for Android,0,0,puntos,,,,2016-01-14 20:21:43,764,622
112,bbva,2020-10-18 01:32:44,EstrenaMÃ¡s y aprovecha que tus puntos valen el doble al pagar tus compras con tu tarjeta de crÃ©dito BBVA en Suburbia. https://t.co/w8RZt4dqID https://t.co/e2v5MR4oPa,Twitter for Android,1,0,"tarjeta,puntos",,,,2012-09-25 22:20:30,240,43
113,bbva,2020-10-18 01:31:50,J9 Liga BBVA ExpansiÃ³n MX   15' Segundo Tiempo  Los locales siguen sin incrementar la ventaja.  cancun_fc 2-0 PumasTabascomx,Twitter for Android,0,0,,,,,2020-06-10 07:15:14,290,143
114,bbva,2020-10-18 01:31:29,mlosornio GarnicaGonzalo Trovato2021 No dan turnos para ningÃºn dÃ­a ni horario. No podes ir. Bbva sucursal 099 reconquista y PerÃ³n. Casa central. Slds,Twitter for iPhone,0,0,sucursal,,,,2019-10-28 17:27:14,482,81
115,bbva,2020-10-18 01:30:41,"JarDjangoGaytan JavierG00832321 tigredldescenso info7mty O sea, prefieren ir a quedar 3er lugar que haberle ganado a tigres la primer final en el bbva?",Twitter for iPhone,0,0,,,,,2015-06-04 17:00:48,525,1954
117,bbva,2020-10-18 01:29:52,"BBVA_Mex cajero 0763 en Chihuahua, no funciona.",Twitter for Android,0,0,,,,,2018-02-19 17:10:26,839,451
118,bbva,2020-10-18 01:28:05,"Rayados rogelio7funes BBVA_Mex Vete a la verga Pendejo , vales pura verga !!  Un Gol para deslumbrar Pendejos !!!  LÃ¡rgate a River hijo de la verga",Twitter for Android,0,1,,,,,2019-11-08 16:31:42,276,127
121,bbva,2020-10-18 01:26:55,Este aÃ±o no hubo caÃ­dos en BBVA ğŸ¥º https://t.co/7TZyiiBO22,Twitter for Android,0,0,,,,,2011-01-14 23:10:55,371,132
122,bbva,2020-10-18 01:26:27,J9 Liga BBVA ExpansiÃ³n MX   10' Segundo Tiempo  Aunque el marcador se mantiene la posesiÃ³n del balÃ³n sigue siendo para los locales.   cancun_fc 2-0 PumasTabascomx,Twitter for Android,0,0,marcado,,,,2020-06-10 07:15:14,290,143
125,bbva,2020-10-18 01:24:10,NataYKT Genovev61561656 paolobenza bbva_peru IndecopiOficial SBSPERU congresoperu OjalÃ¡ sea la atenciÃ³n como corresponde... dejen de operar BOTs y que sean personas que atiendan casos!  La digitalizaciÃ³n tambiÃ©n debe ser razonable.,Twitter for Android,0,0,,,,,2011-12-26 22:20:11,68,188
127,bbva,2020-10-18 01:23:22,"BBVA_Mex bbva pÃ©simo servicio en la sucursal nÃºmero 3620 de santa monica llegue a la 13:40, aunque Ã©ramos pocos por la distancia me faltaban 2 nÃºmeros para pasar pero para sorpresa de los que estÃ¡bamos esperando turno la seÃ±orita Laura Olmos asesora paso a la persona",Twitter for iPhone,0,0,"sucursal,servicio,asesor,servicio",,,,2011-02-15 04:28:23,389,110
128,bbva,2020-10-18 01:22:19,"bbva_peru HenrryVillar QuÃ© tal engaÃ±o no calificas al reactiva que tiene garantÃ­as del bcrpoficial y si a un crÃ©dito de capital de trabajo para comerte con todos sus intereses, Defensoria_Peru Cofide_Peru y no se si FiscaliaPeru y ContraloriaPeru deberÃ­an ver estos casos.",Twitter for iPhone,0,0,interes,,,,2020-02-09 13:45:52,275,18
129,bbva,2020-10-18 01:21:30,"J9 Liga BBVA ExpansiÃ³n MX   05' Segundo Tiempo  CancÃºn ya comienza a atacar desde el inicio, quiere seguir dominando.   cancun_fc 2-0 PumasTabascomx",Twitter for Android,0,0,,,,,2020-06-10 07:15:14,290,143
130,bbva,2020-10-18 01:21:06,"Gracias a ti podemos seguir haciendo mÃ¡s acciones humanitarias. Dona a Cruz Roja Mexicana, DelegaciÃ³n Guaymas BBVA Bancomer 0112219174 Clabe interbancaria 012770001122191745 https://t.co/3IDEaSzjGf",Twitter for Android,0,0,,,,,2020-02-03 22:30:28,219,166
132,bbva,2020-10-18 01:19:49,jetblackiphonex dlusion BBVA_Mex Ni siquiera esta en la lista.,Echofon,0,0,,,,,2009-04-01 18:54:09,665,210
133,bbva,2020-10-18 01:18:53,"BBVA_Mex necesito hacer una aclaraciÃ³n y su lÃ­nea de atenciÃ³n al cliente nunca esta disponible CondusefMX neta se estÃ¡n pasando de listos, toman de mi dinero sin autorizaciÃ³n esto es un fraude... ğŸ¤¬ ğŸ¤¬ ğŸ¤¬ ğŸ¤¬ ğŸ¤¬",Twitter for Android,0,0,"cliente,fraude,dinero",,,,2010-03-11 03:38:21,134,58
134,bbva,2020-10-18 01:18:02,"Srs BBVA_Colombia nuevamente bloqueados sin usar la cuenta, agradecemos colaboraciÃ³n y correcciÃ³n de la falla permanente, muy aburridor estos temas que no fluyen, no funcionan. https://t.co/3xarIfhWVC",Twitter for Android,0,0,cuenta,,,,2019-01-01 16:40:23,170,27
136,bbva,2020-10-18 01:17:18,"Xaguzar2 catalinaventur2 Es una p*** vergÃ¼enza, pero no es fÃ¡cil cambiarse de banco Â¿y a cuÃ¡l? te atan con potecas o porque les debes un prÃ©stamo.Yo ahora en paro, con dinero que prestado del BBVA tengo que hacer el paripÃ© de sacar 800 â‚¬ y volverlos a meter cada mes para que no me cobren gastos.",Twitter for Android,1,0,"banco,cambia,dinero",,,,2011-10-10 20:03:44,6942,7210
139,bbva,2020-10-18 01:14:30,BBVA_Mex Que onda??? Por 3 dÃ­as he tratado de comunicarme a su disque linea de atenciÃ³n y nunca esta disponible... ğŸ¤¬ğŸ¤¬ğŸ¤¬ğŸ¤¬ğŸ¤¬ğŸ¤¬ğŸ¤¬ğŸ¤¬,Twitter for Android,0,0,comunicarme,,,,2010-03-11 03:38:21,134,58
141,bbva,2020-10-18 01:12:13,ğŸ‘ on YouTube: Gol de J. MacÃ­as | Chivas 2 - 0 Atlas | Liga MX - Guardianes 2020 - Jornada 14 | LIGA BBVA MX https://t.co/0Ns34AErVA,IFTTT,0,0,,,,,2011-02-09 19:26:08,8316,8560
143,bbva,2020-10-18 01:11:44,Mood: enojada con el bbva_argentina,Twitter for Android,0,0,,,,,2016-07-06 14:21:58,614,632
144,bbva,2020-10-18 01:11:36,ğŸ¤  vs ğŸ½ | Los Rayados se impusieron 3-1 a ClubPueblaMX en el Estadio BBVA.  ArribaElMonterrey | LaFranjaQueNosUne https://t.co/HhNUjkXwuq,Twitter for Android,0,0,,,,,2013-08-18 00:27:33,163,158
147,bbva,2020-10-18 01:08:20,ramirezmmx _Deibe_ En cualquier cajero bbva.,Twitter for Android,0,1,,,,,2010-11-27 02:56:31,329,5720
148,bbva,2020-10-18 01:08:09,ğŸ‘ Si eres cuentahabiente de Santander o BBVA cuidado con esto (por QuintoPoder) https://t.co/yh072b1RyL vÃ­a julioastillero,Twitter for Android,25,0,cuenta,,,,2016-12-16 09:07:25,299,66
151,bbva,2020-10-18 01:07:26,bbva_peru HenrryVillar Se han dado cuenta que cuando requintas de un banco o un servicio como telefonica por el tweeter te atienden mas rapido que por telefono?,Twitter for Android,0,0,"cuenta,servicio,banco,servicio",,,,2017-11-16 21:44:54,147,40
152,bbva,2020-10-18 01:06:23,"paolobenza Soy microempresario, tenemos una cuenta bbva_peru + de 12 aÃ±os, solicitÃ© el crÃ©dito Reactiva con mi sectorista en 2 oportunidades y fueron denegadas a pesar de cumplir con los requisitos, pedÃ­ las razones y en vez de respuestas me ofrecieron otro productos de capital de trabajo. https://t.co/gkPS6WS1Po",Twitter for Android,22,0,"cuenta,respuesta",,,,2009-05-12 18:32:43,84,83
155,bbva,2020-10-18 01:04:03,AgendaFutbolÃ­stica ğŸ“† Jornada14  Rayados ğŸ†š ClubPueblaMX  ğŸ“† SÃ¡bado 17 de Octubre ğŸ• 17:06 ğŸŸï¸ BBVA ğŸ“º FoxSportsMX  Guard1anes2020 âš½ LigaBBVAMX ğŸ¤  https://t.co/bm1BKEPuWe,Twitter for iPad,2,0,,,,,2010-04-02 03:22:46,5000,1215
156,bbva,2020-10-18 01:03:43,Â¡Gol de ClubpueblaMX! Â¡Santiago Gabriel OrmeÃ±o anota de Penal  al minuto 66!  Rayados 3-1 ClubpueblaMX https://t.co/KjTAsjr8RL https://t.co/ZXE8z5lJjC,Twitter for Android,7,0,,,,,2017-05-28 04:55:49,311,111
157,bbva,2020-10-18 01:03:42,Â¡El Ã¡rbitro seÃ±ala Penal a favor de ClubpueblaMX  al minuto 65! https://t.co/KjTAsjr8RL,Twitter for Android,4,0,,,,,2017-05-28 04:55:49,311,111
159,bbva,2020-10-18 01:03:05,Â¡Gol de Rayados! Â¡Rogelio Gabriel Funes Mori remata dentro del Ã¡rea  al minuto 49!  Rayados 3-0 ClubpueblaMX https://t.co/KjTAsj9xtb https://t.co/2FunYBd5Gl,Twitter for Android,11,0,,,,,2017-05-28 04:55:49,311,111
161,bbva,2020-10-18 01:02:33,Tamedamus en La menciÃ³n de BBVA en el clÃ¡sico tapatÃ­o  Gustazo como siempre verte a cuadro aunque fueron algunos minutos  Pd: buena narraciÃ³n el Jueves en el Pumas vs Azul Femenil ğŸ€ğŸ’…ğŸ»ğŸ’ğŸ»â€â™€ï¸âš½,Twitter Web App,0,0,,,,,2019-06-09 23:31:08,1501,318
162,bbva,2020-10-18 01:02:21,"J9 Liga BBVA ExpansiÃ³n MX   45' FIN PRIMER TIEMPO  Se acaba el primer tiempo en el AndrÃ©s Quintana Roo con un marcador a favor de los locales quienes lo ganan por dos goles, Steven Almeida y Clemente HernÃ¡ndez los anotadores.  cancun_fc 2-0 PumasTabascomx",Twitter for Android,0,0,marcado,,,,2020-06-10 07:15:14,290,143
164,bbva,2020-10-18 01:01:35,"J9 Liga BBVA ExpansiÃ³n MX   45 '   Goooooooooool del camiseta 22 Clemente de Tiro libre, golazo  cancun_fc 2-0 PumasTabascomx",Twitter for Android,0,0,,,,,2020-06-10 07:15:14,290,143
166,bbva,2020-10-18 01:00:06,Premio a la estrategia de apoyo a la mujer de la FundaciÃ³n Microfinanzas BBVA ODS5 https://t.co/BhM1Ct37Cm,Social Media Corresponsables,0,0,,,,,2009-11-06 11:11:03,6273,32596
172,bbva,2020-10-18 00:57:32,Â¡Todo listo en el ğŸŸï¸ BBVA!  Rayados y ClubPueblaMX se enfrentan en unos minutos â¡ï¸ NoTeLoPuedesPerder â¡ï¸ https://t.co/7xmzoTnODy  PorLaSaludDeTodos â¡ï¸ Guard1anes2020 âš½ LigaBBVAMX ğŸ¤  https://t.co/flEQaphRmh,Twitter for iPad,7,0,,,,,2010-04-02 03:22:46,5000,1215
173,bbva,2020-10-18 00:56:41,Â¡Inicia el partido entre: Rayados y ClubpueblaMX! SÃ­guelo en https://t.co/KjTAsjr8RL,Twitter for iPad,3,0,,,,,2010-04-02 03:22:46,5000,1215
175,bbva,2020-10-18 00:55:15,J9 Liga BBVA ExpansiÃ³n MX   40'   Goooooooool Steven Almeida tira y en el rebote la mete de cabeza.   cancun_fc 1-0 PumasTabascomx,Twitter for Android,0,0,,,,,2020-06-10 07:15:14,290,143
176,bbva,2020-10-18 00:54:45,La economÃ­a digital estÃ¡ modificando las destrezas que necesitan tener los trabajadores ğŸ‘·ğŸ¾â€â™€ï¸ ğŸ‘¨ğŸ¼â€ğŸ­ y puede generar un desempleo considerable. NWGleason defiende la educaciÃ³n ğŸ“š ğŸ“ para preparar a los estudiantes para la resiliencia formativa ğŸ’ªğŸ». DataWork ğŸ“– https://t.co/wr1sDjEdGY,Twitter Web App,3,0,,,,,2014-07-25 08:46:39,713,3314
179,bbva,2020-10-18 00:53:38,Â¡Gol de Rayados! Â¡Ake Arnaud Loba remata dentro del Ã¡rea  al minuto 33!  Rayados 2-0 ClubpueblaMX https://t.co/KjTAsjr8RL https://t.co/rpm28Dm2k0,Twitter for iPad,11,0,,,,,2010-04-02 03:22:46,5000,1215
180,bbva,2020-10-18 00:53:10,J9 Liga BBVA ExpansiÃ³n MX   39'  Oportunidad en balÃ³n parado para los locales.   cancun_fc 0-0 PumasTabascomx,Twitter for Android,0,0,,,,,2020-06-10 07:15:14,290,143
181,bbva,2020-10-18 00:51:56,Rayados rogelio7funes BBVA_Mex Asi es con goles se le calla el hocico a tanto reventador de memoria corta venga funes a seguir trabajando,Twitter for Android,0,0,,,,,2009-09-13 02:15:26,366,98
182,bbva,2020-10-18 00:51:31,Rayados vence sin problemas a Puebla en el BBVA âš½ğŸ¤ ğŸ½ https://t.co/0gtNZ3jNWM,TweetDeck,0,2,,,,,2012-11-19 14:49:40,406,65039
187,bbva,2020-10-18 00:49:51,Gooooooooooooooooolazo de Rogelio Funes Mori! Rayados ya derrota 3-0 al ClubPueblaMX en el BBVA Bancomer. VamosRayados ğŸ”µâšªï¸âš½ï¸âš½ï¸âš½ï¸,Twitter for Android,2,0,,,,,2012-06-05 00:44:49,527,377
191,bbva,2020-10-18 00:48:17,_Deibe_ Jajajaja Te van a bajar tu lana Con eso directo en cualquier cajero BBVA lo cobran.  Corre tiempos,Twitter for Android,0,2,,,,,2011-04-10 19:39:19,1240,774
192,bbva,2020-10-18 00:48:05,"tavitoclavoun julioastillero BBVA_Mex Call center ubicado en los penales del paÃ­s. Llevan aÃ±os haciendo llamadas extorsivas, obvio estÃ¡n organizados y reciben indicaciones de gente fuera, incluyendo algunos empleados y ex-empleados bancarios. El punto mÃ¡s dÃ©bil de una infraestructura de seguridad son los usuarios.",Twitter Web App,0,2,"llamada,seguridad",,,,2017-12-31 14:02:26,492,32
193,bbva,2020-10-18 00:48:02,"Rayados rogelio7funes BBVA_Mex Vamos cabron,mete las faciles we",Twitter for Android,0,0,,,,,2017-07-06 20:26:45,543,82
194,bbva,2020-10-18 00:47:45,Guardianes2020ğŸ‡²ğŸ‡½âš½  Rayados ğŸ¤  3-1 ğŸ½ ClubPueblaMX  Â¡Se termina el partido en el BBVA y Rayados se lleva un triunfo importante  CompartimosLaEmociÃ³n https://t.co/0nJBH4Nts3,Twitter for Android,2,0,,,,,2019-03-26 21:16:44,4926,463
195,bbva,2020-10-18 00:47:31,J9 Liga BBVA ExpansiÃ³n MX   33'   Y ya tenemos gran polÃ©mica con un par de penales en el AndrÃ©s Quintana Roo.   cancun_fc 0-0 PumasTabascomx,Twitter for Android,0,0,,,,,2020-06-10 07:15:14,290,143
196,bbva,2020-10-18 00:47:30,Rayados rogelio7funes BBVA_Mex Siiiiiii se puede Rayados  Excelente goooool Funes ğŸ‘ğŸ‘ğŸ‘ğŸ‘ğŸ’™âšª,Twitter for Android,0,0,,,,,2020-01-11 19:56:06,153,25
198,bbva,2020-10-18 00:45:07,ğŸ‘ on YouTube: Â¡GOOOL! Â¡Gol de Antuna! | Chivas 1-0 Atlas | Guard1anes 2020 Liga BBVA MX - J14 | TUDN https://t.co/iKCOfagqd0,IFTTT,0,0,,,,,2011-02-09 19:26:08,8316,8560
200,bbva,2020-10-18 00:44:22,julioastillero Es todo un call center que hasta hace dudar de BBVA_Mex Demasiada infraestructura.,Twitter for Android,0,0,,,,,2009-12-25 22:20:25,277,78
201,bbva,2020-10-18 00:44:14,"Existen cuentas falsas en redes sociales que responden a nombre de empresas para engaÃ±arte, checa este QUICKTIP para que evites ser vÃ­ctima de cualquier fraude. ğŸ” https://t.co/2R3elIBAGe https://t.co/DzhYL2LTc7",Twitter for iPhone,3,0,"cuenta,fraude",,,,2020-05-12 00:28:24,1,0
203,bbva,2020-10-18 00:43:11,Aficionados ingresan al Estadio BBVA Bancomer EstadioDRayados. Monterrey futbol Trabajo realizado para Notimex. https://t.co/5a111C7m3M https://t.co/PAKhJLkokl,Twitter for iPhone,4,0,,,,,2020-10-06 18:25:22,29,26
205,bbva,2020-10-18 00:42:31,"Â¡Triunfo valioso!  Con goles de NicoGabSanchez de penalty,Akeloba_off! Â¡En gran jugada! Y Rogelio7Funes de crack Rayados vence 3-1 al ClubPueblaMX en estadio BBVA para meterse en la pelea por el cuarto lugar general  ğŸ“¸: Rayados VÃ­a: joeluigarza https://t.co/r8mlAgzvek",Twitter for Android,0,6,,MX,city,"San NicolÃ¡s de los Garza, Nuevo LeÃ³n",2013-10-25 16:04:05,134,62685
208,bbva,2020-10-18 00:41:23,J9 Liga BBVA ExpansiÃ³n MX   27'   CancÃºn domina el partido pero aÃºn la diferencia no se ve reflejada en el marcador.  cancun_fc 0-0 PumasTabascomx,Twitter for Android,0,0,marcado,,,,2020-06-10 07:15:14,290,143
211,bbva,2020-10-18 00:40:50,"BBVA_Colombia Me llamaron casi a las 5pm desde las 8am que mande el mensaje al fb, y aÃºn asÃ­ me dicen que tengo que esperar 3 dÃ­as. Politica de la empresa o ineptitud de sus empleados?",Twitter for Android,0,0,llamaron,,,,2015-09-14 22:24:49,821,2661
213,bbva,2020-10-18 00:40:30,Rayados rogelio7funes BBVA_Mex Vamos por Esa copa a Tijuana!,Twitter for Android,0,0,,,,,2019-03-02 17:23:28,157,105
224,bbva,2020-10-18 00:36:49,J9 Liga BBVA ExpansiÃ³n MX   22'   Se mantiene el empate en el AndrÃ©s Quintana Roo.   cancun_fc 0-0 PumasTabascomx,Twitter for Android,0,0,,,,,2020-06-10 07:15:14,290,143
225,bbva,2020-10-18 00:35:16,"Si alguien quiere y puede ayudarnos, pueden depositarnos a esta cuenta bancaria Clabe BBVA 012180015607246296 Adolfo Figueroa",Twitter for Android,8,0,cuenta,,,,2010-11-20 23:22:05,3358,650
226,bbva,2020-10-18 00:33:41,Resumen y Goles | Monterrey vs Puebla | Liga MX - Guardianes 2020 - Jornada 14 | LIGA BBVA MX https://t.co/DN8P2bDQbe LigaMX SienteTuLiga,Microsoft Power Platform,0,0,,,,,2014-01-05 21:43:09,1015,7529
229,bbva,2020-10-18 00:33:03,"Hace 3 meses mi papÃ¡ fue a renovar contrato con Citibanamex en una de las pocas sucursales que daban servicio.  Pidieron un  celular, desde ahÃ­ BBVA_Mex BancoAzteca Coppel chopo_cercadeti entre otros hablan a todas horas preguntando por Ã©l. Donde estÃ¡ la confidencialidad?",Twitter for Android,1,0,"sucursal,servicio,servicio",,,,2012-08-24 20:08:02,574,387
230,bbva,2020-10-18 00:32:49,"Nadie: La app de bbva: Tu saldo es inferior a 100â‚¬!!!  Papi, agradece que alguna vez estuvimos por encima.",Twitter for iPhone,1,0,app,,,,2011-09-08 17:36:34,620,661
232,bbva,2020-10-18 00:32:07,"LigaBBVAMX   FINAL EN EL ESTADIO BBVA  Monterrey 3-1 Puebla  Goles: NicolÃ¡s Sanchez (5' penal), Ake Arnaud Loba (34'), Rogelio Funes Mori (49') / Santiago OrmeÃ±o (67' penal).  Rayados ClubPueblaMX Guard1anes2020 Jornada14 https://t.co/nnsqTjMRMs",Twitter for Android,0,0,,,,,2014-09-27 16:29:18,2984,280
233,bbva,2020-10-18 00:31:04,"_madafaka_26 Rayados Ese ingeniero arma la porra desde general en el tec y luego ahora en la 10 sur del bbva, capo.",Twitter for iPhone,0,2,,,,,2017-07-30 19:07:16,276,1034
234,bbva,2020-10-18 00:31:01,Puebla es tercer equipo que mÃ¡s partidos ha jugado en el Estadio BBVA.  11 Tigres 10 Santos Laguna 8 AmÃ©rica 8 Puebla https://t.co/O1ldBThk6k,Twitter Web App,0,0,,,,,2011-03-01 22:29:54,2001,22552
235,bbva,2020-10-18 00:30:48,erikamercadosan DocsMX vivepanasonic BBVA_Mex imcine CuÃ¡les instrucciones? A mi no me aparece nada. Te refieres a la leyenda roja debajo de la descripciÃ³n de cada proyecto?,Twitter for iPhone,0,0,,,,,2017-09-20 03:01:43,239,30
237,bbva,2020-10-18 00:30:00,Contenido ğŸ” Pago por paypal ğŸ’³ o en efectivo ğŸ’µ en bancos BBVA o en tiendas OXXO en MÃ©xico ğŸ‡²ğŸ‡½ https://t.co/T0KDBFnpBs,Twitter Web App,0,4,"banco,pay,efectivo",,,,2020-09-27 00:55:43,6,1493
238,bbva,2020-10-18 00:29:24,J9 Liga BBVA ExpansiÃ³n MX   15'     El conjunto local sigue presionando y ya tuvo otras oportunidades despuÃ©s de ese penal que aÃºn no concretan.  cancun_fc 0-0 PumasTabascomx,Twitter for Android,0,1,,,,,2020-06-10 07:15:14,290,143
250,bbva,2020-10-18 00:25:12,"JossMp97 Ah pero cuando juegan vs los tigres nadie pasa del 6, algo tiene el BBVA que le siÃ©nta bien a los gatos.",Twitter Web App,0,1,,,,,2020-07-13 21:35:12,55,7
254,bbva,2020-10-18 00:24:54,J9 Liga BBVA ExpansiÃ³n MX  15' Amarilla para Manuel Sibaja de CancÃºn FC.   cancun_fc 0-0 PumasTabascomx,Twitter for Android,0,0,,,,,2020-06-10 07:15:14,290,143
260,bbva,2020-10-18 00:22:28,J9 Liga BBVA ExpansiÃ³n MX  08'   La falllooooooo capitÃ¡n Basulto falla el penal    cancun_fc 0-0 PumasTabascomx,Twitter for Android,0,0,,,,,2020-06-10 07:15:14,290,143
261,bbva,2020-10-18 00:22:08,HuaweiMobileMx Desarrollen bbva mx,Twitter for Android,0,0,,,,,2012-01-22 05:32:24,609,186
262,bbva,2020-10-18 00:21:44,J9 Liga BBVA ExpansiÃ³n MX  06'  Penaaaaal   cancun_fc 0-0 PumasTabascomx,Twitter for Android,0,0,,,,,2020-06-10 07:15:14,290,143
263,bbva,2020-10-18 00:21:03,"El ClubPueblaMX se enfrentÃ³ a Rayados en el Estadio BBVA, aquÃ­ te contamos algunos datos de su actuaciÃ³n en la Jornada14 de la LigaBBVAMX Guard1anes2020 ğŸ½ https://t.co/fuIx2RTamt",Hootsuite Inc.,0,7,,,,,2011-08-12 22:31:36,84,3126995
264,bbva,2020-10-18 00:20:53,J9 Liga BBVA ExpansiÃ³n MX  06'  CancÃºn FC ya tuvo la primera de los pies de Baaulto cancun_fc 0-0 PumasTabascomx,Twitter for Android,0,1,,,,,2020-06-10 07:15:14,290,143
266,bbva,2020-10-18 00:19:41,â±ï¸ğŸ’¥ Â¡Se acabÃ³ el partido!  Rayados ganÃ³ en casa y alcanza a Tigres momentÃ¡neamente en el Guard1anes 2020 BBVA MX ğŸ¤ ğŸ”¥  Rayados | TusGuard1anes2020 | LaFranjaQueNosUne   https://t.co/IV0pFFFkoF https://t.co/NpjVJ8WX1s,Twitter for iPhone,1,0,casa,,,,2011-06-02 16:50:03,858,555
267,bbva,2020-10-18 00:19:27,"pacocienfuegos Chinga tu madre pinche mierda, cuando estabas de alcalde en Guadalupe ni abriste investigaciones en las agresiones del BBVA en mayo del 2017. Chinga tu madre pinche mierda con patas.",Twitter for Android,0,0,,,,,2010-05-11 03:12:46,88,738
268,bbva,2020-10-18 00:19:01,"Faaa que buen servicio que tiene el bbva_argentin , apenas los agrego tengo 3 Ejecutivos de cuenta a mi disposiciÃ³n, por las dudas les paso mis datos a los 3. https://t.co/2H5VRsfRf1",Twitter Web App,0,0,"cuenta,servicio,servicio",,,,2015-01-10 00:11:44,258,74
269,bbva,2020-10-18 00:17:01,3 puntos en Casa ğŸ¡  Rayados de Monterrey vs Puebla J14 Estadio BBVA ğŸ“ ğŸŸ  LA PANDILLA ğŸ”µâšª ğŸ‡«ğŸ‡®Monterrey ğŸ‡²ğŸ‡½MÃ©xico.  rayados  LaPandilla  EnLaVidaYEnLaCancha  Rayados Monterrey ARRIBAELMONTERREY   soccer laliga sport photography photo instagram instagood  ligamx https://t.co/aE0PfWnPLo,Twitter for Android,0,0,puntos,,,,2020-09-03 02:29:36,279,16
270,bbva,2020-10-18 00:15:30,"CiroGomezL Lamentablemente la llamada llega de la lÃ­nea del banco, a mi papÃ¡ le pasÃ³ con BBVA_Mex lo mÃ¡s extraÃ±o es que tienen todos los datos, hasta saben en quÃ© sucursal abriste la cuenta, yo pienso que son empleados de los bancos que hacen este tipo de fraudes",Twitter for iPhone,0,0,"cuenta,sucursal,llamada,banco,fraude",,,,2011-03-15 02:15:45,304,84
271,bbva,2020-10-18 00:15:20,Ponte las pilas Citibanamex o me cambio de banco xdxd https://t.co/3qpqBhM5o6,Twitter for Android,0,0,"banco,cambio",,,,2018-11-18 04:56:34,1191,209
272,bbva,2020-10-18 00:14:52,FINAL en el BBVA Bancomer  Monterrey 3-1 Puebla  SebastiÃ¡n Vegas ingresÃ³ a los 65' en el local LigaMXxEEC,TweetDeck,0,0,,,,,2009-08-21 16:12:26,32030,58370
274,bbva,2020-10-18 00:14:26,âš½ LigaMX Guard1anes2020 DatoGEB HG  Â¡Se acerca a los 4 mejores!  Marcador Final - Jornada 14  Rayados 3 - 1 ClubPueblaMX    Primera vez que Monterrey le gana juegos consecutivos a Puebla jugando en el estadio BBVA. https://t.co/yzpP95YvZq,Twitter Web App,0,0,,,,,2013-10-10 07:15:56,9002,8187
275,bbva,2020-10-18 00:14:13,"Finaliza partido en el estadio BBVA, correspondiente a la Jornada 14, y la Franja no encuentra el triunfo.  Puebla https://t.co/7HbBBXNrcF",Twitter Web App,0,0,,,,,2011-10-30 18:24:35,2701,2832
276,bbva,2020-10-18 00:14:04,"Alexiers16 HuaweiMobileMx BBVA_Mex AppGallery Yo si tengo Bancomer, en P40 pro",Twitter for Android,0,0,,,,,2013-05-13 17:07:21,53,59
278,bbva,2020-10-18 00:12:43,"ChristopherAlph Hola Christopher, estamos atendiendo tu consulta mediante mensaje interno. Â¡Quedamos atentos!",S1Gateway,0,0,,,,,2011-02-22 16:19:08,141,281084
279,bbva,2020-10-18 00:11:59,Hoy apoyamos desde el zoom del BBVA  JRPalaciosChapa  lau_rdz  fher_gzz   ArribaElMonterrey  Vamos Rayados https://t.co/eXVmEkEcAc,Twitter for iPhone,2,0,,,,,2010-09-23 15:36:29,692,664
283,bbva,2020-10-18 00:10:30,"90' MTY 3-1 PUE | Â¡Y GANÃ“ LA PANDILLA! Rayados vence a Puebla en el BBVA con goles de Nico SÃ¡nchez, AkÃ© Loba y Funes Mori. ğŸ”¥ https://t.co/WwqD82lqHP",Twitter for Android,0,0,,,,,2019-02-10 05:20:13,121,14
284,bbva,2020-10-18 00:10:26,"CorrecciÃ³n: me quitaron 10,000 puntos vida en el bbva_peru sin avisarme.",Twitter for iPhone,0,0,puntos,,,,2009-08-16 00:18:08,364,561
285,bbva,2020-10-18 00:10:14,"Â¡Tres puntos mÃ¡s a la bolsa! 3ï¸âƒ£ âœ…  Rayados volviÃ³ al triunfo en el BBVA al derrotar al Puebla por 3-1. Gran actuaciÃ³n de Ponchito GonzÃ¡lez, lamentablemente se nos lesionÃ³, al igual que Loba.ğŸ˜©  CrÃ³nica y videos: https://t.co/WzIHRfFU3A https://t.co/g8BAkjXgAk",Twitter for iPhone,1,0,puntos,,,,2011-11-13 01:48:53,1353,2347
286,bbva,2020-10-18 00:09:35,"GANARON LOS RAYADOS Â° Â° Con goles de NicolÃ¡s SÃ¡nchez, Ake Loba y Rogelio Funes Mori, Monterrey venciÃ³ a Puebla tres por uno. Por parte de la Franja marcÃ³ Santiago OrmeÃ±o. en Estadio BBVA Bancomer https://t.co/vJeGZXS6v7",Instagram,0,0,,MX,city,"Guadalupe, Nuevo LeÃ³n",2019-08-08 19:45:37,153,154
288,bbva,2020-10-18 00:09:10,Victoria de Rayados 3-1 sobre la franja ClubPueblaMX en el BBVA.  LigaBBVAMX Guard1anes2020 https://t.co/I9FqP7VNsI,Twitter for iPhone,0,0,,,,,2020-03-30 21:19:19,646,42
289,bbva,2020-10-18 00:08:50,"Guard1anes2020  LigaBBVAMX  Jornada 14  Marcador Final  Rayados ğŸ¤  3 Nico SÃ¡nchez 4', Ake Loba 33', Funes Mori 49'  ClubPueblaMX ğŸ½ 1 Santiago OrmeÃ±o 66'  ğŸŸ BBVA",Twitter Web App,1,0,,,,,2014-01-23 18:49:05,384,1544
291,bbva,2020-10-18 00:08:05,"Rayados | Guard1anes2020 | LigaMX âš½  Con goles de NicoGabSanchez  Akeloba_off y rogelio7funes, Monterrey vence a los Camoteros en el BBVA y de paso da un paso firme rumbo a la clasificaciÃ³n.  ğŸ¤  Rayados 3-1 ğŸ½ ClubPueblaMX",TweetDeck,0,3,,,,,2009-05-22 23:30:26,76,178860
292,bbva,2020-10-18 00:07:56,"Vencieron 10,000 puntos vida en el bbva_peru y no me di cuenta ğŸ˜¤ğŸ¤¬",Twitter for iPhone,0,0,"cuenta,puntos",PE,city,"Espinar, Peru",2009-08-16 00:18:08,364,561
293,bbva,2020-10-18 00:07:48,"Â¡La Franja suma nueva derrota!    El Club Puebla cayÃ³ por tres goles a uno ante los Rayados de Monterrey, en partido disputado en la cancha del Estadio BBVA. La Franja estÃ¡ dejando ir el repechaje a la liguilla.   DalePuebla https://t.co/L2TLlIJxwF",Twitter for Android,0,2,,,,,2017-10-20 03:09:39,148,2339
295,bbva,2020-10-18 00:07:36,Monterrey doblo 3-1 a Ouebla en el Estadio BBVA Bancomer.,Twitter Web App,0,0,,,,,2009-12-17 23:47:08,1737,198
298,bbva,2020-10-18 00:06:12,ğŸ—ºï¸  Torneo Guard1anes ğŸ“… Fecha 14 âš½ï¸ Monterrey 3      Puebla       1 ğŸƒ Santiago OrmeÃ±o jugo todo        el segundo tiempo y anoto       el descuento de penal.  ğŸŸï¸   Estadio BBVA Bancomer ğŸ“±  12Â° con 14 puntos â¡ï¸ğŸ†š LeÃ³n (23/10) ğŸ“¸ Puebla (prensa) https://t.co/FXxmlRvCpX,Twitter Web App,0,0,"puntos,descuento",,,,2017-03-14 02:33:09,93,61
299,bbva,2020-10-18 00:06:12,"MTYvsPUE | ğŸ¤  3-1 ğŸ½  â° 94â€™ FINAL   Â¡VICTORIA RAYADA! ğŸ”µâšªï¸   Rayados derrotÃ³ 3-1 a ClubPueblaMX en la cancha del BBVA. Las anotaciones del cuadro regiomontano fueron de Nico SÃ¡nchez, Ake Loba y Funes Mori. https://t.co/nf9CnJzHZM",Twitter for iPhone,0,1,,,,,2015-05-24 19:27:38,559,1160
302,bbva,2020-10-18 00:05:53,Guard1anes2020 | Min 90+6' â±ï¸  TerminÃ³ el partido en el BBVA. Rayados ganÃ³ y se quedÃ³ con los tres puntos.  MTY ğŸ¤  3-1 PUE ğŸ½  Acciones del partido: https://t.co/4IRHEvYGLP  SomosONCE https://t.co/GSV36oTTy6,TweetDeck,0,1,puntos,,,,2018-01-08 23:11:16,659,15125
304,bbva,2020-10-18 00:03:40,Gol de S. OrmeÃ±o | Monterrey 3 - 1 Puebla | Liga MX - Guardianes 2020 - Jornada 14 | LIGA BBVA MX https://t.co/JDpjxbQdM5 LigaMX SienteTuLiga,Microsoft Power Platform,0,0,,,,,2014-01-05 21:43:09,1015,7529
305,bbva,2020-10-18 00:03:33,"Termina el encuentro en el BBVA y Rayados golea 3-1 al ClubPueblaMX, Â¿TendrÃ¡ dignidad y se irÃ¡ Reynoso? LigaBBVAMX",Twitter for Android,0,0,,,,,2010-01-07 21:21:08,1511,283
306,bbva,2020-10-18 00:03:09,"Â¡Te presentamos la nueva tarjeta Aqua de BBVA! No tiene impreso el nÃºmero de la tarjeta ni la fecha de caducidad, y el cÃ³digo de verificaciÃ³n es dinÃ¡mico ğŸ‘. Â¡Solicita la tuya! ğŸ‘‡  https://t.co/bZlCstbp49",Twitter Web App,2,0,tarjeta,,,,2010-07-11 02:20:30,455,273
307,bbva,2020-10-18 00:02:18,"Me choca la app de BBVA_Mex me deja entrar cuando quiere con los datos, pero con red wifi si se puede",Twitter for iPhone,0,0,app,,,,2009-08-26 20:19:48,355,126
308,bbva,2020-10-18 00:01:05,"BBVA_Colombia NO, no dan soluciÃ³n y solo llaman a que les cuente la historia, tambiÃ©n van a engaÃ±ar por este medio? Me llamaron a decirme que no saben, por mensaje me dicen que lo van atender. Resumen mÃ¡s de un mes de EngaÃ±o. https://t.co/erGlx46fbu",Twitter for iPhone,0,0,llamaron,,,,2010-10-02 18:06:03,929,1187
309,bbva,2020-10-18 00:00:15,Â¡DisfrutÃ¡ de un fin de semana en casa reviviendo lo mejor de MasterChefUY! ğŸ“ºğŸ‘€ VisitÃ¡ nuestro canal de YouTube  y mirÃ¡ los programas que mÃ¡s quieras. ğŸ³ğŸ‘¨â€ğŸ³ â†’ https://t.co/tA9SVsch4y   MasterChefCelebrity  canal10uruguay bbva_uruguay XimeTorres8 pugliainvita elfranchuteji https://t.co/7wiSEVUyRK,Hootsuite Inc.,0,1,casa,,,,2016-10-18 15:36:41,86,27024
310,bbva,2020-10-18 00:00:09,SomosCornerMX  Â¡VolviÃ³ el jugador 12!  Enrique Cano nos trae las impresiones que dejÃ³ el regreso de la aficiÃ³n a los estadios de la Liga BBVA  https://t.co/YimsyU6Mvh,Buffer,0,0,,,,,2019-06-17 23:34:32,197,215
311,bbva,2020-10-18 00:00:00,"Â¿Has caÃ­do en la tentaciÃ³n de hacer una compra innecesaria y descompletar algÃºn gasto recurrente como la renta? ğŸ˜£  Con los apartados de la app BBVAMÃ©xico, puedes separar dinero en tu cuenta y retirarlo cuando lo necesites. ğŸ™ŒğŸ“²  Â¡Es gratuito! https://t.co/bZCzCN7Lue https://t.co/DyXpeBkIJj",TweetDeck,0,9,"cuenta,app,dinero",,,,2012-07-16 23:03:48,36,249461
312,bbva,2020-10-17 23:59:54,"BBVA_Colombia NO, no dan soluciÃ³n y solo llaman a que les cuente la historia, tambiÃ©n van a engaÃ±ar por este medio? Me llamaron a decirme que no saben, por mensaje me dicen que lo van atender. Resumen mÃ¡s de un mes de EngaÃ±o.",Twitter for iPhone,0,0,llamaron,,,,2010-10-02 18:06:03,929,1187
314,bbva,2020-10-17 23:58:21,"nathalyeherrera Hola Nathalie, te informamos que ya atendimos tu caso por Mensaje Directo, adicional a ello, ya te brindamos la informaciÃ³n correspondiente por vÃ­a telefÃ³nica, si deseas realizar alguna consulta o trÃ¡mite adicional seguiremos en contacto por Mensaje Privado. Un saludo.",Salesforce - Social Studio,0,0,,,,,2010-08-06 00:58:19,1034,35185
315,bbva,2020-10-17 23:57:00,"StellaEugenia Hola Elizabeth, gracias por escribirnos, queremos atender el inconveniente presentado, por favor amplÃ­anos la informaciÃ³n de tu requerimiento por Mensaje Directo. Estamos atentos. Un saludo.",Salesforce - Social Studio,0,0,,,,,2010-08-06 00:58:19,1034,35185
317,bbva,2020-10-17 23:56:04,amorypasipn BBVA Provincial - CumanÃ¡,Twitter for Android,0,2,,,,,2010-09-09 20:13:29,1424,1900
318,bbva,2020-10-17 23:55:25,"mapozx A mi hace meses saque la tarjeta Free fue un calvario y  para recogerla tuve que ir a sucursal y casi rogarles que me la dieran, dos meses despuÃ©s cancele y se enojaron mejor me quedo con BBVA_Mex y AmericanExpress las mejores",Twitter for Android,1,1,"tarjeta,sucursal",,,,2015-08-17 09:18:41,28,2139
321,bbva,2020-10-17 23:53:05,Si eres cuentahabiente de Santander o BBVA cuidado con esto (por QuintoPoder) https://t.co/5zsjPvjNoe vÃ­a julioastillero,Twitter for Android,0,0,cuenta,,,,2012-08-12 18:15:28,1933,1298
322,bbva,2020-10-17 23:52:41,"Y continuamos. Es normal que al abrir la app de BBVA_Colombia en mi celular Android, se autentique automaticamente sin poner mi huella?  ğŸ¤¦â€â™‚ï¸",Twitter Web App,0,2,app,,,,2008-01-16 19:21:30,2143,876
323,bbva,2020-10-17 23:52:06,"mario_dico50 por desgracia las bases de datos de los bancos son publicas de manera que cualquiera te marca te dice datos que solo tiene tu banco y caes, (asi como ofrecen tarjetas HSBC y BBVA cuando nunca has pisado esas instituciones)",Twitter for iPhone,2,0,"tarjeta,banco,ofrece",,,,2018-07-08 23:17:26,2729,2247
324,bbva,2020-10-17 23:51:43,mario_dico50 Y el.banco se desliga de cualquier responsabilidad.. ojo.. en mi caso fue bbva ..,Twitter for iPhone,1,0,banco,,,,2018-07-08 23:17:26,2729,2247
325,bbva,2020-10-17 23:51:13,LoMÃ¡sVisto  Si eres cuentahabiente de Santander o BBVA cuidado con esto.   ğŸ‘‰ https://t.co/Ij9ljexarJ  SinEscalas https://t.co/gqJUZWlH1t https://t.co/MuHrXz7XqH,Twitter for Android,1,0,cuenta,,,,2010-04-16 17:44:46,974,406
330,bbva,2020-10-17 23:45:07,"A LA VENTA DISCOGRAFIA DE LA ORQUESTA CASINO DE LA PLAYA, AYUDAME VivirEnColombiaEs viernesdelabios VinaAlbaliValdepenas BBVA Lamborghini RBG ingenieria Musica salsamexico salsaparatodos MamboMseto CaribeMexicano Caribe  https://t.co/FVEnq2x2sp",Twitter Web App,1,0,,,,,2019-08-09 13:30:17,2442,238
331,bbva,2020-10-17 23:42:33,"Â¿RetirarÃ­as tu cuenta de ahorros del Banco Santander, BBVA y cualquier banco que financie fake news de Eduardo Inda y a la extrema derecha espaÃ±ola? Yo sÃ­, obvio.",Twitter for Android,7,0,"cuenta,banco",,,,2020-06-08 09:20:31,1648,3095
333,bbva,2020-10-17 23:41:23,Justo ayer publicaba algo del vishing en relaciÃ³n al MesDeLaCiberseguridad y horas despuÃ©s me cae este ejemplo de suplantaciÃ³n a bbva   EnvÃ­an este mensaje de texto y si contestas con la palabra rechazar te contactan vÃ­a telefÃ³nica para seguir con la estafa... infosecmx https://t.co/QHBTgoBT6K,Twitter for Android,1,0,seguridad,,,,2008-02-28 22:55:13,4243,4267
334,bbva,2020-10-17 23:39:58,"N_Trastamara Cada vez hay mÃ¡s mensajes, de este tipo. TriÃ¡ngulos por todos los lados. Perfumes caros, joyerÃ­a, coches lujosos, el BBVA. Parece ser que ya no quieren esconderse.",Twitter for iPhone,0,0,,,,,2020-03-16 12:57:21,109,63
344,bbva,2020-10-17 23:36:35,ROBO EN EL BBVA,Twitter for iPhone,0,1,,,,,2010-04-15 21:31:13,710,333
347,bbva,2020-10-17 23:33:10,âš½| Â¡Hoy regresa nuestro Monterrey a Casa! Â¡Hoy y siempre lo jugamos todos Juntos! ğŸ’ªğŸ¼  âŒšï¸ 17:06 hrs. ğŸŸ BBVA ğŸ“º FoxSportsMx ğŸ‡ºğŸ‡¸ ESPN  Â¡A dejar el alma en la cancha! ğŸ—£  gatorademex ArribaElMonterrey https://t.co/ogYZzFNSo7,Twitter Web App,31,0,,,,,2013-02-24 05:06:24,876,554
348,bbva,2020-10-17 23:33:01,MasterChef_Uy pugliainvita canal10uruguay bbva_uruguay XimeTorres8 elfranchuteji No miro el programa pues es de muy bajo nivel.,Twitter for Android,0,0,,,,,2020-07-21 23:26:40,626,574
349,bbva,2020-10-17 23:32:15,"rogelio7funes realiza una faena dentro del Ã¡rea y clava su gol 112 vistiendo al Azul y Blanco.    Golazo de Funes Goli y con esta anotaciÃ³n, el Monterrey vence al minuto 58 al Puebla en el BBVA.  VamosRayados RepÃºblicaRayada ArribaElMonterrey https://t.co/6FrORSHG2G",Twitter for Android,3,0,,,,,2011-07-18 02:59:03,255,104
358,bbva,2020-10-17 23:28:45,"ElizaVlvrd Son inmediatos, no? Cuando a mÃ­ me depositan a BBVA enseguida avisa...",Twitter for Android,0,0,,,,,2010-01-20 04:27:13,702,202
359,bbva,2020-10-17 23:27:08,"Las puertas hacia la aficiÃ³n se abren para la Liga MX âš½ï¸ğŸ‡²ğŸ‡½  diegoyvey, nos platica sobre el regreso de la aficiÃ³n a los estadios de la Liga BBVA MX. Comenta los diferentes escenarios, asÃ­ como riesgos que esta decisiÃ³n puede tener.  Â¡No te lo pierdas!  https://t.co/N4NCxyfEVI",Twitter for Android,1,0,,,,,2015-09-04 01:22:31,357,60
360,bbva,2020-10-17 23:26:51,"SinEmbargoMX Lo mismo hacen pero indican que son de BBVA_Mex y/o Citibanamex, ya me sucediÃ³.... desafortunadamente muchos caen en la trampa....",Twitter for iPhone,0,0,,,,,2010-01-22 23:53:52,456,110
362,bbva,2020-10-17 23:26:39,JAthaualpa Es decir que con el dinero de ExAfp exaportanteafp  AfpsEx AsocExAportAfp AfpsNo paga a David Tuesta (quiÃ©n bloquea cuando le recuerda que trabajo en la banca comercial en BBVA 13 aÃ±os y por 2 meses de Ministro se las daba de opinÃ³logo neutral ahora se quitÃ³ la careta.,Twitter for Android,12,0,dinero,,,,2020-01-03 23:24:32,151,157
364,bbva,2020-10-17 23:23:57,"ğŸ“¹ ElResumen  Â¡Rayados con la ventaja AlMedioTiempo!  En la cancha del Estadio BBVA, Monterrey estÃ¡ ganando 2 goles a 0 ante el Puebla despuÃ©s de 45 minutos.  Revive aquÃ­ lo mejor del primer tiempo.  Guard1anes2020 âš½ LigaBBVAMX https://t.co/g3tXlN2RlN",Twitter for Android,6,0,,,,,2009-11-05 03:50:53,1115,6394
368,bbva,2020-10-17 23:20:12,"NataYKT Hola Nata, comentarte que el caso se encuentra atendido por nuestra Ã¡rea encargada para las verificaciones y ayudarte. Â¡Quedamos atentos!",S1Gateway,0,0,,,,,2011-02-22 16:19:08,141,281084
374,bbva,2020-10-17 23:16:26,"DanielOlortiga Genovev61561656 paolobenza bbva_peru IndecopiOficial SBSPERU congresoperu TambiÃ©n a mi mamÃ¡ por el BBVA, estuvo con covid en mayo y se retrasÃ³ 13 dÃ­as, por primera vez en 11 aÃ±os, le cobraron 300 soles por penalidad pero ahora debe pagar por intereses compensatorios casi 150 soles mensuales adicionales a su cuota por 5 meses hasta febrero.",Twitter for Android,0,0,"sat,interes",,,,2011-03-06 18:30:49,880,564
375,bbva,2020-10-17 23:16:14,Vaaamosss Vaaaaaaaaaaaaaaamooosss VamosRayados  Inicia el 2ndo tiempo en el BBVA,Twitter Web App,2,0,,,,,2018-09-18 15:38:27,94,6674
376,bbva,2020-10-17 23:15:56,Inicia el Segundo Tiempo: Rayados 2 - 0 ClubpueblaMX. Sigue todos los detalles en https://t.co/KjTAsjr8RL,Twitter for iPhone,1,0,,,,,2010-02-28 23:25:45,2318,25272
379,bbva,2020-10-17 23:15:23,Rayados | Guard1anes2020 | LigaMX âš½  â±ï¸ Arranca el segundo tiempo en el Estadio BBVA  ğŸ¤  Rayados 2-0 ğŸ½ ClubPueblaMX,TweetDeck,1,0,,,,,2019-03-30 01:19:02,2452,6380
380,bbva,2020-10-17 23:15:16,Â¡REINICIAN LAS ACCIONES EN EL BBVA! â±ï¸  Se disputan los segundos 45 minutos entre Rayados y ClubPueblaMX   ğŸ¤  Rayados 2-0 Puebla ğŸ½  ğŸ”´ EN VIVO:  https://t.co/37XBnCQiRX,Twitter Web App,0,5,,,,,2009-03-31 22:53:58,438,1373901
387,bbva,2020-10-17 23:15:01,Â¡Empieza la parte complementaria en el estadio BBVA!  Rayados 2-0 ClubPueblaMX  LigaMX Guard1anes2020,Twitter for iPhone,0,1,,,,,2016-10-07 22:17:51,242,7510
389,bbva,2020-10-17 23:14:46,Guard1anes2020 | Min 46' â±ï¸  ComenzÃ³ el segundo tiempo en el BBVA.  MTY ğŸ¤  2-0 PUE ğŸ½  Acciones del partido: https://t.co/4IRHEvYGLP  SomosONCE https://t.co/v93kVXyQga,TweetDeck,0,0,,,,,2018-01-08 23:11:16,659,15125
391,bbva,2020-10-17 23:14:38,Guardianes2020 Â¡Comienza el segundo tiempo!   Rayados ğŸ¤  2-0 Puebla ğŸ½ ğŸŸ Estadio BBVA https://t.co/WgUCmFK1rn,Twitter Web App,0,2,,,,,2009-08-07 20:28:29,459,207481
394,bbva,2020-10-17 23:13:52,"Â¿Saben cual es el peor banco de Colombia? BBVA_Colombia. Su servicio al cliente es PERVERSO, MENTIROSO Y LADRÃ“N.",Twitter for iPad,0,0,"servicio,cliente,banco,servicio",,,,2012-02-01 22:43:22,958,680
395,bbva,2020-10-17 23:13:07,"Guard1anes2020 | JosÃ© RodrÃ­guez, aficionado rayado, siempre estÃ¡ presente para recibir a Rayados en el BBVA, incluso en medio de la pandemia. Â¿Le gustarÃ­a regresar al estadio? Checa lo que nos dijo. ğŸ‘‡  ğŸ“¹: Karinaggz â¡ï¸ https://t.co/PlEIAlKe7z  SomosONCE https://t.co/DPFuItNNux",Twitter for Android,3,0,pandemia,,,,2013-06-15 06:33:35,1391,1717
396,bbva,2020-10-17 23:13:05,"DespuÃ©s de 45 minutos en el Estadio BBVA, este es el anÃ¡lisis de Rayados en su victoria parcial sobre Puebla.  PorLaSaludDeTodos â¡ï¸ Guard1anes2020 âš½ LigaBBVAMX ğŸ¤  https://t.co/VlRUzQfaa8",Twitter for iPhone,1,0,,,,,2020-03-10 00:50:55,945,594
397,bbva,2020-10-17 23:12:35,Guardianes2020ğŸ‡²ğŸ‡½âš½  Rayados ğŸ¤  2-0 ğŸ½ ClubPueblaMX  Â¡Nos vamos al descanso en el BBVA!  CompartimosLaEmociÃ³n  ğŸ”´ Sigue las acciones del partido: https://t.co/DWVcNGO208 https://t.co/33zK3anPyX,TweetDeck,0,9,,,,,2009-05-15 00:37:09,178,2611755
398,bbva,2020-10-17 23:12:31,Si eres cuentahabiente de Santander o BBVA cuidado con esto (por QuintoPoder) https://t.co/IMoF4N9Hk7 via julioastillero,Twitter for Android,0,0,cuenta,,,,2010-04-17 19:28:21,856,413
